{"extensionType":"field_faas","i18nMap":{"zh-CN":{"providerLabel":"服务提供商","providerDeepseek":"DeepSeek 官方","providerVolc":"火山方舟","providerSilicon":"硅基流动","providerAli":"阿里云","providerTencent":"腾讯混元","providerTencentCloud":"腾讯云","providerOpenRouter":"OpenRouter","apiKeyLabel":"服务商 API Key","apiKeyPlaceholder":"请输入您的服务商 API Key","modelLabel":"模型","modelNote":"(仅DeepSeek官方可用)","inputFieldLabel":"输入字段","promptLabel":"自定义指令","promptPlaceholder":"请输入指令","apiKeyTip":"请参考说明文档获取 DeepSeek API：","apiKeyDoc":"说明文档","errorAuthFailed":"API Key 无效或已过期","errorRateLimit":"请求过于频繁，请稍后再试","errorApiRequest":"服务请求失败，请稍后重试","errorInvalidFormat":"API 返回格式异常","errorUnknown":"服务异常，请稍后重试","modelCustomLabel":"自定义模型","modelCustomPlaceholder":"请输入模型名称"},"en-US":{"providerLabel":"Service Provider","providerDeepseek":"DeepSeek Official","providerVolc":"Volcano Engine","providerSilicon":"Silicon Flow","providerAli":"Alibaba Cloud","providerTencent":"Tencent Hunyuan","providerTencentCloud":"Tencent Cloud","providerOpenRouter":"OpenRouter","apiKeyLabel":"Provider API Key","apiKeyPlaceholder":"Please enter your provider API Key","modelLabel":"Model","modelNote":"(DeepSeek only)","inputFieldLabel":"Input Field","promptLabel":"Custom Prompt","promptPlaceholder":"Please enter prompt","apiKeyTip":"Please refer to the documentation to get DeepSeek API:","apiKeyDoc":"Documentation","errorAuthFailed":"Invalid or expired API Key","errorRateLimit":"Too many requests, please try again later","errorApiRequest":"Service request failed, please try again later","errorInvalidFormat":"API response format error","errorUnknown":"Service error, please try again later"},"ja-JP":{"providerLabel":"サービスプロバイダー","providerDeepseek":"DeepSeek 公式","providerVolc":"火山エンジン","providerSilicon":"シリコンフロー","providerAli":"アリババクラウド","providerTencent":"腾讯混元","providerTencentCloud":"腾讯クラウド","providerOpenRouter":"OpenRouter","apiKeyLabel":"プロバイダー API Key","apiKeyPlaceholder":"プロバイダーの API Keyを入力してください","modelLabel":"モデル","modelNote":"(DeepSeek公式のみ)","inputFieldLabel":"入力フィールド","promptLabel":"カスタム指示","promptPlaceholder":"指示を入力してください","apiKeyTip":"DeepSeek APIの取得については、ドキュメントを参照してください：","apiKeyDoc":"ドキュメント","errorAuthFailed":"APIキーが無効または期限切れです","errorRateLimit":"リクエストが多すぎます。後でもう一度お試しください","errorApiRequest":"サービスリクエストが失敗しました。後でもう一度お試しください","errorInvalidFormat":"APIレスポンスのフォーマットエラー","errorUnknown":"サービスエラー。後でもう一度お試しください","modelCustomLabel":"カスタムモデル","modelCustomPlaceholder":"モデル名を入力してください"}},"fields":[{"fieldType":1,"uiSchema":{"fieldsConfigEditor":{"component":"OpenFieldMetaEditor","props":{"schema":{"items":[{"key":"prompt","label":"${{promptLabel}}","component":"Text","props":{"placeholder":"${{promptPlaceholder}}","type":"textarea"},"validator":{"required":true}}]}}}},"presetFieldConfig":{"fieldProperty":{"propertyType":1,"properties":[]},"externalEditorConfig":{}},"disableAutoUpdate":false}]}